Loanid,Gender,Marital_Status,Dependents,Graduate,Employed,ApplicantIncome,CoapplicantIncome,LoanAmount,Loan_Amount_Term,Credit_History,PropertyOwner,Loan_Status
1,Male,NO,0,NO,YES,5849,0,120,360,YES,YES,1
2,Male,YES,1,YES,YES,4583,1508,128,360,YES,YES,1
3,Male,YES,0,YES,YES,3000,0,66,360,YES,YES,1
4,Male,YES,0,NO,YES,2583,2358,120,360,YES,YES,1
5,Male,NO,0,YES,YES,6000,0,141,360,YES,YES,1
6,Male,YES,2,YES,YES,5417,4196,267,360,YES,YES,1
7,Male,YES,0,NO,YES,2333,1516,95,360,YES,YES,1
8,Male,YES,3,YES,NO,3036,2504,158,360,NO,NO,0
9,Male,YES,2,YES,YES,4006,1526,168,360,YES,YES,1
10,Male,YES,1,YES,YES,12841,10968,349,360,YES,YES,1
11,Male,YES,2,YES,YES,3200,700,70,360,YES,YES,1
12,Male,YES,2,YES,YES,2500,1840,109,360,YES,YES,1
13,Male,YES,2,YES,YES,3073,8106,200,360,YES,YES,1
14,Male,NO,0,YES,NO,1853,2840,114,360,YES,YES,0
15,Male,YES,2,YES,YES,1299,1086,17,120,YES,YES,1
16,Male,NO,0,YES,YES,4950,0,125,360,YES,YES,1
17,Male,NO,1,NO,NO,3596,0,100,240,YES,NO,0
18,Female,NO,0,YES,NO,3510,0,76,360,NO,NO,0
19,Male,YES,0,NO,NO,4887,0,133,360,YES,NO,0
20,Male,YES,0,YES,YES,2600,3500,115,180,YES,YES,1
21,Male,YES,0,NO,NO,7660,0,104,360,NO,NO,0
22,Male,YES,1,YES,YES,5955,5625,315,360,YES,YES,1
23,Male,YES,0,NO,NO,2600,1911,116,360,NO,NO,0
24,Male,YES,2,NO,NO,3365,1917,112,360,NO,NO,0
25,Male,YES,1,YES,YES,3717,2925,151,360,NO,YES,1
26,Male,YES,0,YES,YES,9560,0,191,360,YES,YES,1
27,Male,YES,0,YES,YES,2799,2253,122,360,YES,YES,1
28,Male,YES,2,NO,YES,4226,1040,110,360,YES,YES,1
29,Male,NO,0,NO,NO,1442,0,35,360,YES,NO,0
30,Female,NO,2,YES,NO,3750,0,120,360,YES,NO,0
31,Male,YES,1,YES,YES,4166,3369,201,360,NO,YES,1
32,Male,NO,0,YES,NO,3167,0,74,360,YES,NO,0
33,Male,NO,1,YES,NO,4692,0,106,360,YES,NO,0
34,Male,YES,0,YES,YES,3500,1667,114,360,YES,YES,1
35,Male,NO,3,YES,NO,12500,0,320,360,YES,NO,0
36,Male,YES,0,YES,YES,2275,2067,120,360,YES,YES,1
37,Male,YES,0,YES,YES,1828,1330,100,360,NO,YES,1
38,Female,YES,0,YES,YES,3667,1459,144,360,YES,YES,1
39,Male,NO,0,YES,YES,4166,7210,184,360,YES,YES,1
40,Male,NO,0,NO,YES,3748,1668,110,360,YES,YES,1
41,Male,NO,0,YES,NO,3600,0,80,360,YES,NO,0
42,Male,NO,0,YES,YES,1800,1213,47,360,YES,YES,1
43,Male,YES,0,YES,YES,2400,0,75,360,YES,YES,1
44,Male,YES,0,YES,YES,3941,2336,134,360,YES,YES,1
45,Male,YES,0,NO,YES,4695,0,96,180,YES,YES,1
46,Female,NO,0,YES,YES,3410,0,88,180,YES,YES,1
47,Male,YES,1,YES,YES,5649,0,44,360,YES,YES,1
48,Male,YES,0,YES,YES,5821,0,144,360,YES,YES,1
49,Female,YES,0,YES,YES,2645,3440,120,360,NO,YES,1
50,Female,NO,0,YES,YES,4000,2275,144,360,YES,YES,1
51,Female,YES,0,NO,YES,1928,1644,100,360,YES,YES,1
52,Female,NO,0,YES,YES,3086,0,120,360,YES,YES,1
53,Female,NO,0,YES,NO,4230,0,112,360,YES,NO,0
54,Male,YES,2,YES,NO,4616,0,134,360,YES,YES,0
55,Female,YES,1,YES,YES,11500,0,286,360,NO,YES,1
56,Male,YES,2,YES,YES,2708,1167,97,360,YES,YES,1
57,Male,YES,0,YES,YES,2132,1591,96,360,YES,YES,1
58,Male,YES,0,YES,YES,3366,2200,135,360,YES,YES,1
59,Male,YES,1,YES,YES,8080,2250,180,360,YES,YES,1
60,Male,YES,2,NO,YES,3357,2859,144,360,YES,YES,1
61,Male,YES,0,YES,YES,2500,3796,120,360,YES,YES,1
62,Male,YES,3,YES,YES,3029,0,99,360,YES,YES,1
63,Male,YES,0,NO,NO,2609,3449,165,180,NO,NO,0
64,Male,YES,1,YES,YES,4945,0,500,360,NO,YES,1
65,Female,NO,0,YES,NO,4166,0,116,360,NO,NO,0
66,Male,YES,0,YES,YES,5726,4595,258,360,YES,YES,1
67,Male,NO,0,NO,NO,3200,2254,126,180,NO,YES,0
68,Male,YES,1,YES,YES,10750,0,312,360,YES,YES,1
69,Male,YES,3,NO,YES,7100,0,125,60,YES,YES,0
70,Female,NO,0,YES,NO,4300,0,136,360,NO,NO,0
71,Male,YES,0,YES,YES,3208,3066,172,360,YES,YES,1
72,Male,YES,2,NO,YES,1875,1875,97,360,YES,YES,1
73,Male,NO,0,YES,YES,3500,0,81,300,YES,YES,1
74,Male,YES,3,NO,NO,4755,0,95,180,NO,NO,0
75,Male,YES,3,YES,YES,5266,1774,187,360,YES,YES,1
76,Male,NO,0,YES,NO,3750,0,113,480,YES,NO,0
77,Male,NO,0,YES,NO,3750,4750,176,360,YES,YES,0
78,Male,YES,1,YES,YES,1000,3022,110,360,YES,YES,1
79,Male,YES,3,YES,NO,3167,4000,180,300,NO,NO,0
80,Male,YES,3,NO,YES,3333,2166,130,360,YES,YES,1
81,Female,NO,0,YES,YES,3846,0,111,360,YES,YES,1
82,Male,YES,1,YES,YES,2395,0,120,360,YES,YES,1
83,Female,YES,2,YES,YES,1378,1881,167,360,YES,YES,1
84,Male,YES,0,YES,YES,6000,2250,265,360,NO,YES,1
85,Male,YES,1,YES,YES,3988,0,50,240,YES,YES,1
86,Male,NO,0,YES,YES,2366,2531,136,360,YES,YES,1
87,Male,YES,2,NO,YES,3333,2000,99,360,YES,YES,1
88,Male,YES,0,YES,YES,2500,2118,104,360,YES,YES,1
89,Male,NO,0,YES,YES,8566,0,210,360,YES,YES,1
90,Male,YES,0,YES,YES,5695,4167,175,360,YES,YES,1
91,Male,YES,0,YES,YES,2958,2900,131,360,YES,YES,1
92,Male,YES,2,YES,YES,6250,5654,188,180,YES,YES,1
93,Male,YES,2,NO,YES,3273,1820,81,360,YES,YES,1
94,Male,NO,0,YES,YES,4133,0,122,360,YES,YES,1
95,Male,NO,0,NO,YES,3620,0,25,120,YES,YES,1
96,Male,NO,0,YES,NO,6782,0,500,360,NO,NO,0
97,Female,YES,0,YES,YES,2484,2302,137,360,YES,YES,1
98,Male,YES,0,YES,YES,1977,997,50,360,YES,YES,1
99,Male,YES,0,NO,YES,4188,0,115,180,YES,YES,1
100,Male,YES,0,YES,YES,1759,3541,131,360,YES,YES,1
101,Male,YES,2,NO,YES,4288,3263,133,180,YES,YES,1
102,Male,NO,0,YES,YES,4843,3806,151,360,YES,YES,1
103,Male,YES,0,YES,YES,13650,0,120,360,YES,YES,1
104,Male,YES,0,YES,YES,4652,3583,120,360,YES,YES,1
105,Male,YES,0,YES,YES,3816,754,160,360,YES,YES,1
106,Male,YES,1,YES,YES,3052,1030,100,360,YES,YES,1
107,Male,YES,2,YES,YES,11417,1126,225,360,YES,YES,1
108,Male,NO,0,NO,NO,7333,0,120,360,YES,NO,0
109,Male,YES,2,YES,NO,3800,3600,216,360,NO,NO,0
110,Male,YES,3,NO,YES,2071,754,94,480,YES,YES,1
111,Male,NO,0,YES,YES,5316,0,136,360,YES,YES,1
112,Female,YES,0,YES,YES,2929,2333,139,360,YES,YES,1
113,Male,YES,0,NO,NO,3572,4114,152,360,NO,NO,0
114,Female,NO,1,YES,YES,7451,0,120,360,YES,YES,1
115,Male,NO,0,YES,YES,5050,0,118,360,YES,YES,1
116,Male,YES,1,YES,YES,14583,0,185,180,YES,YES,1
117,Female,YES,0,YES,YES,3167,2283,154,360,YES,YES,1
118,Male,YES,1,YES,YES,2214,1398,85,360,YES,YES,1
119,Male,YES,0,YES,YES,5568,2142,175,360,YES,YES,1
120,Female,NO,0,YES,YES,10408,0,259,360,YES,YES,1
121,Male,YES,0,YES,YES,5667,2667,180,360,YES,YES,1
122,Female,NO,0,YES,YES,4166,0,44,360,YES,YES,1
123,Female,NO,0,YES,YES,2137,8980,137,360,NO,YES,1
124,Male,YES,2,YES,YES,2957,0,81,360,YES,YES,1
125,Male,YES,0,NO,YES,4300,2014,194,360,YES,YES,1
126,Female,NO,0,YES,YES,3692,0,93,360,YES,YES,1
127,Male,YES,3,YES,YES,23803,0,370,360,YES,YES,1
128,Male,NO,0,YES,YES,3865,1640,120,360,YES,YES,1
129,Male,YES,1,YES,YES,10513,3850,160,180,NO,YES,1
130,Male,YES,0,YES,YES,6080,2569,182,360,NO,YES,1
131,Male,NO,0,YES,YES,20166,0,650,480,YES,YES,1
132,Male,NO,0,YES,YES,2014,1929,74,360,YES,YES,1
133,Male,NO,0,YES,YES,2718,0,70,360,YES,YES,1
134,Male,YES,0,YES,YES,3459,0,25,120,YES,YES,1
135,Male,NO,0,YES,YES,4895,0,102,360,YES,YES,1
136,Male,YES,3,YES,YES,4000,7750,290,360,YES,YES,1
137,Female,YES,0,YES,NO,4583,0,84,360,YES,YES,0
138,Male,YES,2,YES,YES,3316,3500,88,360,YES,YES,1
139,Male,NO,0,YES,NO,14999,0,242,360,NO,NO,0
140,Male,YES,2,NO,NO,4200,1430,129,360,YES,NO,0
141,Male,YES,2,YES,NO,5042,2083,185,360,YES,YES,0
142,Male,NO,0,YES,YES,5417,0,168,360,YES,YES,1
143,Male,NO,0,YES,YES,6950,0,175,180,YES,YES,1
144,Male,YES,0,YES,YES,2698,2034,122,360,YES,YES,1
145,Male,YES,2,YES,YES,11757,0,187,180,YES,YES,1
146,Female,YES,0,YES,YES,2330,4486,100,360,YES,YES,1
147,Female,YES,2,YES,YES,14866,0,70,360,YES,YES,1
148,Male,YES,1,YES,YES,1538,1425,30,360,YES,YES,1
149,Female,NO,0,YES,NO,10000,1666,225,360,YES,YES,0
150,Male,YES,0,YES,YES,4860,830,125,360,YES,YES,1
151,Male,NO,0,YES,NO,6277,0,118,360,NO,NO,0
152,Male,YES,0,YES,YES,2577,3750,152,360,YES,YES,1
153,Male,NO,0,YES,NO,9166,0,244,360,YES,NO,0
154,Male,YES,2,NO,NO,2281,0,113,360,YES,NO,0
155,Male,NO,0,YES,YES,3254,0,50,360,YES,YES,1
156,Male,YES,3,YES,YES,39999,0,600,180,NO,YES,0
157,Male,YES,1,YES,YES,6000,0,160,360,YES,YES,1
158,Male,YES,1,YES,YES,9538,0,187,360,YES,YES,1
159,Male,NO,0,YES,YES,2980,2083,120,360,YES,YES,1
160,Male,YES,0,YES,YES,4583,5625,255,360,YES,YES,1
161,Male,YES,0,NO,YES,1863,1041,98,360,YES,YES,1
162,Male,YES,0,YES,NO,7933,0,275,360,YES,YES,0
163,Male,YES,1,YES,YES,3089,1280,121,360,NO,YES,1
164,Male,YES,2,YES,YES,4167,1447,158,360,YES,YES,1
165,Male,YES,0,YES,YES,9323,0,75,180,YES,YES,1
166,Male,YES,0,YES,YES,3707,3166,182,180,YES,YES,1
167,Female,YES,0,YES,NO,4583,0,112,360,YES,YES,0
168,Male,YES,0,YES,YES,2439,3333,129,360,YES,YES,1
169,Male,NO,0,YES,NO,2237,0,63,480,NO,NO,0
170,Male,YES,2,YES,YES,8000,0,200,360,YES,YES,1
171,Male,YES,0,NO,YES,1820,1769,95,360,YES,YES,1
172,Male,YES,3,YES,YES,51763,0,700,300,YES,YES,1
173,Male,YES,3,NO,NO,3522,0,81,180,YES,NO,0
174,Male,YES,0,YES,YES,5708,5625,187,360,YES,YES,1
175,Male,YES,0,NO,NO,4344,736,87,360,YES,NO,0
176,Male,YES,0,YES,YES,3497,1964,116,360,YES,YES,1
177,Male,YES,2,YES,YES,2045,1619,101,360,YES,YES,1
178,Male,YES,3,YES,YES,5516,11300,495,360,YES,YES,1
179,Male,YES,1,YES,YES,3750,0,116,360,YES,YES,1
180,Male,NO,0,NO,NO,2333,1451,102,480,NO,NO,0
181,Male,YES,1,YES,YES,6400,7250,180,360,NO,YES,1
182,Male,NO,0,YES,NO,1916,5063,67,360,NO,YES,0
183,Male,YES,0,YES,YES,4600,0,73,180,YES,YES,1
184,Male,YES,1,YES,YES,33846,0,260,360,YES,YES,1
185,Female,YES,0,YES,YES,3625,0,108,360,YES,YES,1
186,Male,YES,0,YES,YES,39147,4750,120,360,YES,YES,1
187,Male,YES,1,YES,YES,2178,0,66,300,NO,YES,1
188,Male,YES,0,YES,YES,2383,2138,58,360,YES,YES,1
189,Male,YES,0,YES,YES,674,5296,168,360,YES,YES,1
190,Male,YES,0,YES,YES,9328,0,188,180,YES,YES,1
191,Male,NO,0,NO,YES,4885,0,48,360,YES,YES,1
192,Male,NO,0,YES,NO,12000,0,164,360,YES,NO,0
193,Male,YES,0,NO,NO,6033,0,160,360,YES,NO,0
194,Male,NO,0,YES,YES,3858,0,76,360,YES,YES,1
195,Male,NO,0,YES,YES,4191,0,120,360,YES,YES,1
196,Male,YES,1,YES,YES,3125,2583,170,360,YES,YES,1
197,Male,NO,0,YES,YES,8333,3750,187,360,YES,YES,1
198,Female,NO,0,NO,YES,1907,2365,120,180,YES,YES,1
199,Female,YES,0,YES,YES,3416,2816,113,360,YES,YES,1
200,Male,NO,0,YES,NO,11000,0,83,360,YES,NO,0
201,Male,YES,1,NO,YES,2600,2500,90,360,YES,YES,1
202,Male,NO,2,YES,NO,4923,0,166,360,NO,NO,0
203,Male,YES,3,NO,NO,3992,0,200,180,YES,NO,0
204,Male,YES,1,NO,YES,3500,1083,135,360,YES,YES,1
205,Male,YES,2,NO,YES,3917,0,124,360,YES,YES,0
206,Female,NO,0,NO,YES,4408,0,120,360,YES,YES,1
207,Female,NO,0,YES,YES,3244,0,80,360,YES,YES,1
208,Male,NO,0,NO,YES,3975,2531,55,360,YES,YES,1
209,Male,NO,0,YES,YES,2479,0,59,360,YES,YES,1
210,Male,NO,0,YES,NO,3418,0,127,360,YES,NO,0
211,Female,NO,0,YES,NO,10000,0,214,360,YES,NO,0
212,Male,YES,3,YES,NO,3430,1250,128,360,NO,NO,0
213,Male,YES,1,YES,YES,7787,0,240,360,YES,YES,1
214,Male,YES,3,NO,YES,5703,0,130,360,YES,YES,0
215,Male,YES,0,YES,YES,3173,3021,137,360,YES,YES,1
216,Male,YES,3,NO,YES,3850,983,100,360,YES,YES,1
217,Male,YES,0,YES,YES,150,1800,135,360,YES,YES,1
218,Male,YES,0,YES,YES,3727,1775,131,360,YES,YES,1
219,Male,YES,2,YES,NO,5000,0,72,360,NO,YES,0
220,Female,YES,2,YES,YES,4283,2383,127,360,YES,YES,1
221,Male,YES,0,YES,NO,2221,0,60,360,NO,NO,0
222,Male,YES,2,YES,YES,4009,1717,116,360,YES,YES,1
223,Male,NO,0,YES,YES,2971,2791,144,360,YES,YES,1
224,Male,YES,0,YES,YES,7578,1010,175,180,YES,YES,1
225,Male,YES,0,YES,YES,6250,0,128,360,YES,YES,1
226,Male,YES,0,YES,NO,3250,0,170,360,YES,YES,0
227,Male,YES,3,NO,NO,4735,0,138,360,YES,NO,0
228,Male,YES,2,YES,YES,6250,1695,210,360,YES,YES,1
229,Male,YES,0,YES,YES,4758,0,158,480,YES,YES,1
230,Male,NO,0,YES,YES,6400,0,200,360,YES,YES,1
231,Male,YES,1,YES,YES,2491,2054,104,360,YES,YES,1
232,Male,YES,0,YES,YES,3716,0,42,180,YES,YES,1
233,Male,NO,0,NO,YES,3189,2598,120,180,YES,YES,1
234,Female,NO,0,YES,YES,8333,0,280,360,YES,YES,1
235,Male,YES,1,YES,YES,3155,1779,140,360,YES,YES,1
236,Male,YES,1,YES,YES,5500,1260,170,360,YES,YES,1
237,Male,YES,0,YES,NO,5746,0,255,360,NO,NO,0
238,Female,NO,0,YES,YES,3463,0,122,360,YES,YES,1
239,Female,NO,1,YES,YES,3812,0,112,360,YES,YES,1
240,Male,YES,1,YES,YES,3315,0,96,360,YES,YES,1
241,Male,YES,2,YES,YES,5819,5000,120,360,YES,YES,1
242,Male,YES,1,NO,NO,2510,1983,140,180,YES,NO,0
243,Male,NO,0,YES,YES,2965,5701,155,60,YES,YES,1
244,Male,YES,2,YES,YES,6250,1300,108,360,YES,YES,1
245,Male,YES,0,NO,YES,3406,4417,123,360,YES,YES,1
246,Male,NO,0,YES,NO,6050,4333,120,180,YES,YES,0
247,Male,YES,2,YES,YES,9703,0,112,360,YES,YES,1
248,Male,YES,1,NO,YES,6608,0,137,180,YES,YES,1
249,Male,YES,1,YES,YES,2882,1843,123,480,YES,YES,1
250,Male,YES,0,YES,YES,1809,1868,90,360,YES,YES,1
251,Male,YES,0,NO,NO,1668,3890,201,360,NO,NO,0
252,Female,NO,2,YES,NO,3427,0,138,360,YES,NO,0
253,Male,NO,0,NO,YES,2583,2167,104,360,YES,YES,1
254,Male,YES,1,NO,YES,2661,7101,279,180,YES,YES,1
255,Male,NO,0,YES,NO,16250,0,192,360,NO,NO,0
256,Female,NO,3,NO,NO,3083,0,255,360,YES,NO,0
257,Male,NO,0,NO,NO,6045,0,115,360,NO,NO,0
258,Male,YES,3,YES,NO,5250,0,94,360,YES,YES,0
259,Male,YES,0,YES,YES,14683,2100,304,360,YES,YES,1
260,Male,YES,3,NO,NO,4931,0,128,360,NO,NO,0
261,Male,YES,1,YES,YES,6083,4250,330,360,YES,YES,1
262,Male,NO,0,YES,YES,2060,2209,134,360,YES,YES,1
263,Female,NO,1,YES,NO,3481,0,155,36,YES,NO,0
264,Female,NO,0,YES,YES,7200,0,120,360,YES,YES,1
265,Male,NO,0,YES,YES,5166,0,128,360,YES,YES,1
266,Male,NO,0,YES,YES,4095,3447,151,360,YES,YES,1
267,Male,YES,2,YES,YES,4708,1387,150,360,YES,YES,1
268,Male,YES,3,YES,YES,4333,1811,160,360,NO,YES,0
269,Female,NO,0,YES,NO,3418,0,135,360,YES,NO,0
270,Female,NO,1,YES,YES,2876,1560,90,360,YES,YES,1
271,Female,NO,0,YES,YES,3237,0,30,360,YES,YES,1
272,Male,YES,0,YES,YES,11146,0,136,360,YES,YES,1
273,Male,NO,0,YES,YES,2833,1857,126,360,YES,YES,1
274,Male,YES,0,YES,YES,2620,2223,150,360,YES,YES,1
275,Male,YES,2,YES,YES,3900,0,90,360,YES,YES,1
276,Male,YES,1,YES,YES,2750,1842,115,360,YES,YES,1
277,Male,YES,0,YES,YES,3993,3274,207,360,YES,YES,1
278,Male,YES,0,YES,YES,3103,1300,80,360,YES,YES,1
279,Male,YES,0,YES,YES,14583,0,436,360,YES,YES,1
280,Female,YES,0,NO,YES,4100,0,124,360,YES,YES,1
281,Male,NO,1,NO,NO,4053,0,158,360,NO,NO,0
282,Male,YES,0,YES,YES,3927,800,112,360,YES,YES,1
283,Male,YES,2,YES,YES,2301,985.7999878,78,180,YES,YES,1
284,Female,NO,0,YES,YES,1811,1666,54,360,YES,YES,1
285,Male,YES,0,YES,NO,20667,0,500,360,YES,YES,0
286,Male,NO,0,YES,YES,3158,3053,89,360,YES,YES,1
287,Female,NO,0,YES,NO,2600,1717,99,300,YES,YES,0
288,Male,YES,0,YES,YES,3704,2000,120,360,YES,YES,1
289,Female,NO,0,YES,YES,4124,0,115,360,YES,YES,1
290,Male,NO,0,YES,YES,9508,0,187,360,YES,YES,1
291,Male,YES,0,YES,YES,3075,2416,139,360,YES,YES,1
292,Male,YES,2,YES,NO,4400,0,127,360,NO,YES,0
293,Male,YES,2,YES,YES,3153,1560,134,360,YES,YES,1
294,Female,NO,3,YES,NO,5417,0,143,480,NO,NO,0
295,Male,YES,0,YES,YES,2383,3334,172,360,YES,YES,1
296,Male,YES,3,YES,YES,4416,1250,110,360,YES,YES,1
297,Male,YES,1,YES,YES,6875,0,200,360,YES,YES,1
298,Female,YES,1,YES,YES,4666,0,135,360,YES,YES,1
299,Female,NO,0,YES,NO,5000,2541,151,480,YES,YES,0
300,Male,YES,1,YES,YES,2014,2925,113,360,YES,YES,1
301,Male,YES,0,NO,NO,1800,2934,93,360,NO,NO,0
302,Male,YES,0,NO,YES,2875,1750,105,360,YES,YES,1
303,Female,NO,0,YES,YES,5000,0,132,360,YES,YES,1
304,Male,YES,1,YES,YES,1625,1803,96,360,YES,YES,1
305,Male,NO,0,YES,YES,4000,2500,140,360,YES,YES,1
306,Male,NO,0,NO,NO,2000,0,500,360,YES,NO,0
307,Female,NO,0,YES,YES,3762,1666,135,360,YES,YES,1
308,Female,NO,0,YES,NO,2400,1863,104,360,NO,YES,0
309,Male,NO,0,YES,NO,20233,0,480,360,YES,NO,0
310,Male,YES,2,NO,YES,7667,0,185,360,YES,YES,0
311,Female,NO,0,YES,YES,2917,0,84,360,YES,YES,1
312,Male,NO,0,NO,YES,2927,2405,111,360,YES,YES,1
313,Female,NO,0,YES,YES,2507,0,56,360,YES,YES,1
314,Male,YES,2,YES,YES,5746,0,144,84,YES,YES,1
315,Male,YES,0,YES,YES,2473,1843,159,360,YES,YES,1
316,Male,YES,1,NO,YES,3399,1640,111,180,YES,YES,1
317,Male,YES,2,YES,YES,3717,0,120,360,YES,YES,1
318,Male,YES,0,YES,YES,2058,2134,88,360,YES,YES,1
319,Female,NO,1,YES,YES,3541,0,112,360,YES,YES,1
320,Male,YES,1,YES,YES,10000,0,155,360,YES,YES,1
321,Male,YES,0,YES,YES,2400,2167,115,360,YES,YES,1
322,Male,YES,3,YES,YES,4342,189,124,360,YES,YES,1
323,Male,YES,2,NO,YES,3601,1590,120,360,YES,YES,1
324,Female,NO,0,YES,YES,3166,2985,132,360,YES,YES,1
325,Male,YES,3,YES,YES,15000,0,300,360,YES,YES,1
326,Male,YES,1,YES,YES,8666,4983,376,360,NO,YES,1
327,Male,NO,0,YES,YES,4917,0,130,360,NO,YES,1
328,Male,YES,0,YES,YES,5818,2160,184,360,YES,YES,1
329,Female,YES,0,YES,YES,4333,2451,110,360,YES,YES,1
330,Female,NO,0,YES,YES,2500,0,67,360,YES,YES,1
331,Male,NO,1,YES,YES,4384,1793,117,360,YES,YES,1
332,Male,NO,0,YES,YES,2935,0,98,360,YES,YES,1
333,Male,NO,0,YES,YES,2833,0,71,360,YES,YES,1
334,Male,YES,0,YES,YES,63337,0,490,180,YES,YES,1
335,Male,YES,1,YES,YES,9833,1833,182,180,YES,YES,1
336,Male,YES,0,YES,YES,5503,4490,70,180,YES,YES,1
337,Male,YES,1,YES,YES,5250,688,160,360,YES,YES,1
338,Male,YES,2,YES,YES,2500,4600,176,360,YES,YES,1
339,Female,NO,3,NO,NO,1830,0,100,360,NO,NO,0
340,Female,NO,0,YES,YES,4160,0,71,360,YES,YES,1
341,Male,YES,3,NO,NO,2647,1587,173,360,YES,NO,0
342,Female,NO,0,YES,NO,2378,0,46,360,YES,NO,0
343,Male,YES,1,NO,YES,4554,1229,158,360,YES,YES,1
344,Male,YES,3,NO,YES,3173,0,74,360,YES,YES,0
345,Male,YES,2,YES,YES,2583,2330,125,360,YES,YES,1
346,Male,YES,0,YES,YES,2499,2458,160,360,YES,YES,1
347,Male,YES,3,NO,NO,3523,3230,152,360,NO,NO,0
348,Male,YES,2,NO,YES,3083,2168,126,360,YES,YES,1
349,Male,YES,0,YES,YES,6333,4583,259,360,YES,YES,1
350,Male,YES,0,YES,YES,2625,6250,187,360,YES,YES,1
351,Male,YES,0,YES,YES,9083,0,228,360,YES,YES,1
352,Male,NO,0,YES,NO,8750,4167,308,360,YES,YES,0
353,Male,YES,3,YES,YES,2666,2083,95,360,YES,YES,1
354,Female,YES,0,YES,NO,5500,0,105,360,NO,NO,0
355,Female,YES,0,YES,YES,2423,505,130,360,YES,YES,1
356,Female,NO,0,YES,YES,3813,0,116,180,YES,YES,1
357,Male,YES,2,YES,YES,8333,3167,165,360,YES,YES,1
358,Male,YES,1,YES,YES,3875,0,67,360,YES,YES,1
359,Male,YES,0,NO,NO,3000,1666,100,480,NO,NO,0
360,Male,YES,3,YES,YES,5167,3167,200,360,YES,YES,1
361,Female,NO,1,YES,NO,4723,0,81,360,YES,NO,0
362,Male,YES,2,YES,YES,5000,3667,236,360,YES,YES,1
363,Male,YES,0,YES,YES,4750,2333,130,360,YES,YES,1
364,Male,YES,0,YES,YES,3013,3033,95,300,YES,YES,1
365,Male,NO,0,YES,YES,6822,0,141,360,YES,YES,1
366,Male,NO,0,NO,NO,6216,0,133,360,YES,NO,0
367,Male,NO,0,YES,NO,2500,0,96,480,YES,NO,0
368,Male,NO,0,YES,NO,5124,0,124,360,NO,NO,0
369,Male,YES,1,YES,YES,6325,0,175,360,YES,YES,1
370,Male,YES,0,YES,YES,19730,5266,570,360,YES,YES,1
371,Female,NO,0,YES,YES,15759,0,55,360,YES,YES,1
372,Male,YES,2,YES,YES,5185,0,155,360,YES,YES,1
373,Male,YES,2,YES,YES,9323,7873,380,300,YES,YES,1
374,Male,NO,1,YES,NO,3062,1987,111,180,NO,YES,0
375,Female,NO,0,YES,YES,2764,1459,110,360,YES,YES,1
376,Male,YES,0,YES,YES,4817,923,120,180,YES,YES,1
377,Male,YES,3,YES,YES,8750,4996,130,360,YES,YES,1
378,Male,YES,0,YES,YES,4310,0,130,360,YES,YES,1
379,Male,NO,0,YES,NO,3069,0,71,480,YES,NO,0
380,Male,YES,2,YES,YES,5391,0,130,360,YES,YES,1
381,Male,YES,0,YES,YES,3333,2500,128,360,YES,YES,1
382,Male,NO,0,YES,YES,5941,4232,296,360,YES,YES,1
383,Female,NO,0,YES,YES,6000,0,156,360,YES,YES,1
384,Male,NO,0,YES,YES,7167,0,128,360,YES,YES,1
385,Male,YES,2,YES,NO,4566,0,100,360,YES,YES,0
386,Male,NO,1,YES,YES,3667,0,113,180,YES,YES,1
387,Male,NO,0,NO,YES,2346,1600,132,360,YES,YES,1
388,Male,YES,0,NO,NO,3010,3136,500,360,NO,NO,0
389,Male,YES,0,YES,YES,2333,2417,136,360,YES,YES,1
390,Male,YES,0,YES,YES,5488,0,125,360,YES,YES,1
391,Male,NO,3,NO,NO,9167,0,185,360,YES,NO,0
392,Male,YES,3,YES,YES,9504,0,275,360,YES,YES,1
393,Male,YES,0,YES,YES,2583,2115,120,360,YES,YES,1
394,Male,YES,2,NO,YES,1993,1625,113,180,YES,YES,1
395,Male,YES,2,YES,YES,3100,1400,113,360,YES,YES,1
396,Male,YES,2,YES,YES,3276,484,135,360,YES,YES,1
397,Female,NO,0,YES,NO,3180,0,71,360,NO,NO,0
398,Male,YES,0,YES,YES,3033,1459,95,360,YES,YES,1
399,Male,NO,0,NO,YES,3902,1666,109,360,YES,YES,1
400,Female,NO,0,YES,NO,1500,1800,103,360,NO,YES,0
401,Male,YES,2,NO,NO,2889,0,45,180,NO,NO,0
402,Male,NO,0,NO,NO,2755,0,65,300,YES,NO,0
403,Male,NO,0,YES,YES,2500,20000,103,360,YES,YES,1
404,Female,NO,0,NO,YES,1963,0,53,360,YES,YES,1
405,Female,NO,0,YES,NO,7441,0,194,360,YES,NO,0
406,Female,NO,0,YES,YES,4547,0,115,360,YES,YES,1
407,Male,YES,0,NO,YES,2167,2400,115,360,YES,YES,1
408,Female,NO,0,NO,YES,2213,0,66,360,YES,YES,1
409,Male,YES,1,YES,YES,8300,0,152,300,NO,YES,1
410,Male,YES,3,YES,NO,81000,0,360,360,NO,YES,0
411,Female,NO,1,NO,NO,3867,0,62,360,YES,NO,0
412,Male,YES,0,YES,YES,6256,0,160,360,YES,YES,1
413,Male,YES,0,NO,NO,6096,0,218,360,NO,NO,0
414,Male,YES,0,NO,YES,2253,2033,110,360,YES,YES,1
415,Female,YES,0,NO,NO,2149,3237,178,360,NO,NO,0
416,Female,NO,0,YES,YES,2995,0,60,360,YES,YES,1
417,Female,NO,1,YES,NO,2600,0,160,360,YES,NO,0
418,Male,YES,2,YES,YES,1600,20000,239,360,YES,YES,1
419,Male,YES,0,YES,YES,1025,2773,112,360,YES,YES,1
420,Male,YES,0,YES,YES,3246,1417,138,360,YES,YES,1
421,Male,YES,0,YES,YES,5829,0,138,360,YES,YES,1
422,Female,NO,0,NO,NO,2720,0,80,360,NO,NO,0
423,Male,YES,0,YES,YES,1820,1719,100,360,YES,YES,1
424,Male,YES,1,YES,YES,7250,1667,110,360,NO,YES,1
425,Male,YES,0,YES,YES,14880,0,96,360,YES,YES,1
426,Male,YES,0,YES,YES,2666,4300,121,360,YES,YES,1
427,Female,NO,1,NO,NO,4606,0,81,360,YES,NO,0
428,Male,YES,2,YES,YES,5935,0,133,360,YES,YES,1
429,Male,YES,0,YES,YES,2920,240,87,360,YES,YES,1
430,Male,NO,0,NO,YES,2717,0,60,180,YES,YES,1
431,Female,NO,1,YES,YES,8624,0,150,360,YES,YES,1
432,Male,NO,0,YES,NO,6500,0,105,360,NO,NO,0
433,Male,NO,0,YES,YES,12876,0,405,360,YES,YES,1
434,Male,YES,0,YES,YES,2425,2340,143,360,YES,YES,1
435,Male,NO,0,YES,YES,3750,0,100,360,YES,YES,1
436,Female,YES,0,YES,YES,10047,0,120,240,YES,YES,1
437,Male,NO,0,YES,YES,1926,1851,50,360,YES,YES,1
438,Male,YES,0,YES,YES,2213,1125,120,360,YES,YES,1
439,Male,NO,0,YES,NO,10416,0,187,360,NO,NO,0
440,Female,YES,0,NO,YES,7142,0,138,360,YES,YES,1
441,Male,NO,0,YES,YES,3660,5064,187,360,YES,YES,1
442,Male,YES,0,YES,YES,7901,1833,180,360,YES,YES,1
443,Male,NO,3,NO,NO,4707,0,148,360,YES,NO,0
444,Male,NO,1,YES,YES,37719,0,152,360,YES,YES,1
445,Male,YES,0,YES,YES,7333,8333,175,300,YES,YES,1
446,Male,YES,1,YES,YES,3466,1210,130,360,YES,YES,1
447,Male,YES,2,NO,YES,4652,0,110,360,YES,YES,0
448,Male,YES,0,YES,YES,3539,1376,55,360,YES,YES,1
449,Male,YES,2,YES,NO,3340,1710,150,360,NO,NO,0
450,Male,NO,1,NO,NO,2769,0,190,360,NO,NO,0
451,Male,YES,2,NO,NO,2309,1255,125,360,NO,NO,0
452,Male,YES,2,NO,YES,1958,1456,60,300,YES,YES,1
453,Male,YES,0,YES,YES,3948,1733,149,360,NO,YES,1
454,Male,YES,0,YES,YES,2483,2466,90,180,NO,YES,1
455,Male,NO,0,YES,YES,7085,0,84,360,YES,YES,1
456,Male,YES,2,YES,YES,3859,0,96,360,YES,YES,1
457,Male,YES,0,YES,YES,4301,0,118,360,YES,YES,1
458,Male,YES,0,YES,YES,3708,2569,173,360,YES,YES,1
459,Male,NO,2,YES,NO,4354,0,136,360,YES,NO,0
460,Male,YES,0,YES,NO,8334,0,160,360,YES,YES,0
461,Male,YES,0,YES,YES,2083,4083,160,360,YES,YES,1
462,Male,YES,3,YES,YES,7740,0,128,180,YES,YES,1
463,Male,YES,0,YES,YES,3015,2188,153,360,YES,YES,1
464,Female,NO,1,NO,NO,5191,0,132,360,YES,NO,0
465,Male,NO,0,YES,NO,4166,0,98,360,NO,NO,0
466,Male,NO,0,YES,YES,6000,0,140,360,YES,YES,1
467,Male,YES,3,NO,NO,2947,1664,70,180,NO,NO,0
468,Male,YES,0,YES,YES,16692,0,110,360,YES,YES,1
469,Female,YES,2,NO,YES,210,2917,98,360,YES,YES,1
470,Male,YES,0,YES,YES,4333,2451,110,360,YES,YES,1
471,Male,YES,1,YES,YES,3450,2079,162,360,YES,YES,1
472,Male,YES,1,NO,NO,2653,1500,113,180,NO,NO,0
473,Male,YES,3,YES,YES,4691,0,100,360,YES,YES,1
474,Female,NO,0,YES,YES,2500,0,93,360,YES,YES,1
475,Male,NO,2,NO,NO,5532,0,162,360,YES,NO,0
476,Male,YES,2,YES,YES,16525,1014,150,360,YES,YES,1
477,Male,YES,2,YES,YES,6700,1750,230,300,YES,YES,1
478,Male,YES,2,YES,NO,2873,1872,132,360,NO,NO,0
479,Male,YES,1,YES,YES,16667,2250,86,360,YES,YES,1
480,Male,YES,2,YES,YES,2947,1603,500,360,YES,YES,1
481,Female,NO,0,NO,YES,4350,0,154,360,YES,YES,1
482,Male,YES,3,NO,YES,3095,0,113,360,YES,YES,0
483,Male,YES,0,YES,YES,2083,3150,128,360,YES,YES,1
484,Male,YES,0,YES,YES,10833,0,234,360,YES,YES,1
485,Male,YES,2,YES,YES,8333,0,246,360,YES,YES,1
486,Male,YES,1,NO,YES,1958,2436,131,360,YES,YES,1
487,Male,NO,2,YES,NO,3547,0,80,360,NO,NO,0
488,Male,YES,1,YES,YES,18333,0,500,360,YES,YES,1
489,Male,YES,2,YES,YES,4583,2083,160,360,YES,YES,1
490,Male,NO,0,YES,NO,2435,0,75,360,YES,NO,0
491,Male,NO,0,NO,YES,2699,2785,96,360,YES,YES,1
492,Male,YES,1,NO,YES,5333,1131,186,360,YES,YES,1
493,Male,NO,0,NO,YES,3691,0,110,360,YES,YES,1
494,Female,NO,0,NO,YES,17263,0,225,360,YES,YES,1
495,Male,YES,0,YES,YES,3597,2157,119,360,NO,YES,1
496,Female,YES,1,YES,YES,3326,913,105,84,YES,YES,1
497,Male,YES,0,NO,YES,2600,1700,107,360,YES,YES,1
498,Male,YES,0,YES,YES,4625,2857,111,12,YES,YES,1
499,Male,YES,1,YES,YES,2895,0,95,360,YES,YES,1
500,Male,NO,0,YES,NO,6283,4416,209,360,NO,YES,0
501,Female,NO,0,YES,YES,645,3683,113,480,YES,YES,1
502,Female,NO,0,YES,YES,3159,0,100,360,YES,YES,1
503,Male,YES,2,YES,YES,4865,5624,208,360,YES,YES,1
504,Male,YES,1,NO,NO,4050,5302,138,360,NO,NO,0
505,Male,YES,0,NO,YES,3814,1483,124,300,YES,YES,1
506,Male,YES,2,YES,YES,3510,4416,243,360,YES,YES,1
507,Male,YES,0,YES,YES,20833,6667,480,360,YES,YES,1
508,Male,NO,0,YES,NO,3583,0,96,360,YES,NO,0
509,Male,YES,0,YES,YES,2479,3013,188,360,YES,YES,1
510,Female,NO,1,YES,YES,13262,0,40,360,YES,YES,1
511,Male,NO,0,NO,NO,3598,1287,100,360,YES,NO,0
512,Male,YES,1,YES,YES,6065,2004,250,360,YES,YES,1
513,Male,YES,2,YES,YES,3283,2035,148,360,YES,YES,1
514,Male,YES,0,YES,YES,2130,6666,70,180,YES,YES,1
515,Male,NO,0,YES,NO,5815,3666,311,360,YES,YES,0
516,Male,YES,3,YES,YES,3466,3428,150,360,YES,YES,1
517,Female,YES,2,YES,YES,2031,1632,113,480,YES,YES,1
518,Male,YES,3,NO,NO,3074,1800,123,360,NO,NO,0
519,Male,NO,0,YES,NO,4683,1915,185,360,YES,YES,0
520,Female,NO,0,NO,NO,3400,0,95,360,YES,NO,0
521,Male,YES,2,NO,YES,2192,1742,45,360,YES,YES,1
522,Male,NO,0,YES,YES,2500,0,55,360,YES,YES,1
523,Male,YES,3,YES,YES,5677,1424,100,360,YES,YES,1
524,Male,YES,2,YES,YES,7948,7166,480,360,YES,YES,1
525,Male,NO,0,YES,NO,4680,2087,500,360,YES,YES,0
526,Male,YES,2,YES,YES,17500,0,400,360,YES,YES,1
527,Male,YES,0,YES,YES,3775,0,110,360,YES,YES,1
528,Male,YES,1,NO,YES,5285,1430,161,360,NO,NO,0
529,Male,NO,1,NO,NO,2679,0,94,360,YES,NO,0
530,Male,NO,0,NO,YES,6783,0,130,360,YES,YES,1
531,Male,YES,0,YES,YES,1025,5500,216,360,YES,YES,1
532,Male,YES,3,YES,YES,4281,0,100,360,YES,YES,1
533,Male,NO,2,YES,NO,3588,0,110,360,NO,NO,0
534,Male,NO,1,YES,NO,11250,0,196,360,NO,NO,0
535,Female,NO,0,NO,YES,18165,0,125,360,YES,YES,1
536,Male,NO,0,NO,YES,2550,2042,126,360,YES,YES,1
537,Male,YES,0,YES,YES,6133,3906,324,360,YES,YES,1
538,Male,NO,2,YES,NO,3617,0,107,360,YES,NO,0
539,Male,YES,0,NO,NO,2917,536,66,360,YES,NO,0
540,Male,YES,3,YES,YES,6417,0,157,180,YES,YES,1
541,Female,YES,1,YES,YES,4608,2845,140,180,YES,YES,1
542,Female,NO,0,YES,NO,2138,0,99,360,NO,NO,0
543,Female,NO,1,YES,YES,3652,0,95,360,YES,YES,1
544,Male,YES,1,NO,YES,2239,2524,128,360,YES,YES,1
545,Female,YES,0,NO,YES,3017,663,102,360,YES,YES,1
546,Male,YES,0,YES,YES,2768,1950,155,360,YES,YES,1
547,Male,NO,0,NO,NO,3358,0,80,36,YES,NO,0
548,Male,NO,0,YES,YES,2526,1783,145,360,YES,YES,1
549,Female,NO,0,YES,NO,5000,0,103,360,NO,NO,0
550,Male,YES,0,YES,YES,2785,2016,110,360,YES,YES,1
551,Male,YES,2,YES,NO,6633,0,500,360,NO,YES,0
552,Male,YES,1,NO,YES,2492,2375,120,360,YES,YES,1
553,Male,YES,1,YES,YES,3333,3250,158,360,YES,YES,1
554,Male,YES,0,NO,NO,2454,2333,181,360,NO,NO,0
555,Male,YES,0,YES,YES,3593,4266,132,180,NO,YES,1
556,Male,YES,1,YES,YES,5468,1032,26,360,YES,YES,1
557,Female,NO,0,YES,YES,2667,1625,84,360,YES,YES,1
558,Male,YES,3,YES,YES,10139,0,260,360,YES,YES,1
559,Male,YES,0,YES,YES,3887,2669,162,360,YES,YES,1
560,Female,YES,0,YES,YES,4180,2306,182,360,YES,YES,1
561,Male,YES,2,NO,YES,3675,242,108,360,YES,NO,0
562,Female,YES,1,YES,YES,19484,0,600,360,YES,YES,1
563,Male,YES,0,YES,YES,5923,2054,211,360,YES,YES,1
564,Male,NO,0,NO,YES,5800,0,132,360,YES,YES,1
565,Male,YES,2,YES,NO,8799,0,258,360,NO,YES,0
566,Male,YES,0,NO,YES,4467,0,120,360,YES,YES,1
567,Male,NO,0,YES,YES,3333,0,70,360,YES,YES,1
568,Male,YES,3,YES,NO,3400,2500,123,360,NO,NO,0
569,Female,NO,0,YES,NO,2378,0,9,360,YES,NO,0
570,Male,YES,0,YES,YES,3166,2064,104,360,NO,YES,1
571,Male,YES,1,YES,YES,3417,1750,186,360,YES,YES,1
572,Male,YES,3,YES,NO,5116,1451,165,360,NO,NO,0
573,Male,YES,2,YES,YES,16666,0,275,360,YES,YES,1
574,Male,YES,2,NO,NO,6125,1625,187,480,YES,NO,0
575,Male,YES,3,YES,NO,6406,0,150,360,YES,YES,0
576,Male,YES,2,YES,YES,3159,461,108,84,YES,YES,1
577,Male,YES,0,YES,YES,3087,2210,136,360,NO,YES,1
578,Male,NO,0,YES,YES,3229,2739,110,360,YES,YES,1
579,Male,YES,1,YES,YES,1782,2232,107,360,YES,YES,1
580,Male,NO,0,YES,YES,3182,2917,161,360,YES,YES,1
581,Male,YES,2,YES,YES,6540,0,205,360,YES,YES,1
582,Male,NO,0,YES,NO,1836,33837,90,360,YES,YES,0
583,Female,YES,0,YES,YES,3166,0,36,360,YES,YES,1
584,Male,YES,1,YES,YES,1880,0,61,360,NO,YES,1
585,Male,YES,1,YES,YES,2787,1917,146,360,NO,YES,1
586,Male,YES,1,YES,YES,4283,3000,172,84,YES,YES,1
587,Male,YES,0,YES,YES,2297,1522,104,360,YES,YES,1
588,Female,NO,0,NO,YES,2165,0,70,360,YES,YES,1
589,Male,NO,0,YES,YES,4750,0,94,360,YES,YES,1
590,Male,YES,2,YES,NO,2726,0,106,360,NO,YES,0
591,Male,YES,0,YES,YES,3000,3416,56,180,YES,YES,1
592,Male,YES,2,YES,NO,6000,0,205,240,YES,YES,0
593,Male,NO,3,NO,NO,9357,0,292,360,YES,NO,0
594,Male,YES,0,YES,YES,3859,3300,142,180,YES,YES,1
595,Male,YES,0,YES,YES,16120,0,260,360,YES,YES,1
596,Male,NO,0,NO,YES,3833,0,110,360,YES,YES,1
597,Male,YES,2,NO,NO,6383,1000,187,360,YES,NO,0
598,Male,NO,3,NO,NO,2987,0,88,360,NO,NO,0
599,Male,YES,0,YES,YES,9963,0,180,360,YES,YES,1
600,Male,YES,2,YES,YES,5780,0,192,360,YES,YES,1
601,Female,NO,3,NO,NO,416,0,350,180,NO,NO,0
602,Male,YES,0,NO,YES,2894,2792,155,360,YES,YES,1
603,Male,YES,3,YES,YES,5703,0,128,360,YES,YES,1
604,Male,NO,0,YES,YES,3676,4301,172,360,YES,YES,1
605,Female,YES,1,YES,YES,12000,0,496,360,YES,YES,1
606,Male,YES,0,NO,NO,2400,3800,500,180,YES,NO,0
607,Male,YES,1,YES,YES,3400,2500,173,360,YES,YES,1
608,Male,YES,2,NO,YES,3987,1411,157,360,YES,YES,1
609,Male,YES,0,YES,YES,3232,1950,108,360,YES,YES,1
610,Female,NO,0,YES,YES,2900,0,71,360,YES,YES,1
611,Male,YES,3,YES,YES,4106,0,40,180,YES,YES,1
612,Male,YES,1,YES,YES,8072,240,253,360,YES,YES,1
613,Male,YES,2,YES,YES,7583,0,187,360,YES,YES,1
614,Female,NO,0,YES,NO,4583,0,133,360,NO,NO,0
615,Male,YES,0,YES,YES,5720,0,110,360,YES,YES,1
616,Male,YES,1,YES,YES,3076,1500,126,360,YES,YES,1
617,Male,YES,2,YES,YES,5000,1800,208,360,YES,YES,1
618,Male,YES,2,YES,YES,2340,2546,100,360,YES,YES,1
619,Male,NO,0,NO,YES,3276,0,78,360,YES,YES,1
620,Male,YES,0,NO,YES,2165,3422,152,360,YES,YES,1
621,Female,NO,1,NO,NO,2226,0,59,360,YES,NO,0
622,Male,YES,2,NO,NO,3881,0,147,360,NO,NO,0
623,Male,YES,2,YES,YES,13633,0,280,240,YES,YES,1
624,Male,NO,0,NO,YES,2400,2400,123,360,YES,YES,1
625,Male,NO,0,NO,YES,3091,0,90,360,YES,YES,1
626,Male,YES,1,YES,YES,2185,1516,162,360,YES,YES,1
627,Male,NO,3,NO,NO,4166,0,40,180,YES,NO,0
628,Male,YES,2,YES,NO,12173,0,166,360,NO,YES,0
629,Female,NO,0,YES,YES,4666,0,124,360,YES,YES,1
630,Male,NO,1,YES,YES,5667,0,131,360,YES,YES,1
631,Male,YES,2,YES,YES,4583,2916,200,360,YES,YES,1
632,Male,YES,3,YES,YES,3786,333,126,360,YES,YES,1
633,Male,YES,0,YES,YES,9226,7916,300,360,YES,YES,1
634,Male,NO,0,YES,YES,1300,3470,100,180,YES,YES,1
635,Male,YES,1,NO,YES,1888,1620,48,360,YES,YES,1
636,Female,NO,3,NO,NO,2083,0,28,180,YES,NO,0
637,Male,NO,0,YES,YES,3909,0,101,360,YES,YES,1
638,Female,NO,0,NO,YES,3765,0,125,360,YES,YES,1
639,Male,YES,0,YES,YES,5400,4380,290,360,YES,YES,1
640,Male,NO,0,YES,NO,0,24000,148,360,NO,YES,0
641,Male,YES,2,YES,YES,4363,1250,140,360,YES,YES,1
642,Male,YES,0,YES,YES,7500,3750,275,360,YES,YES,1
643,Male,YES,0,YES,YES,3772,833,57,360,YES,YES,1
644,Male,NO,0,YES,YES,2942,2382,125,180,YES,YES,1
645,Female,NO,0,NO,YES,2478,0,75,360,YES,YES,1
646,Male,YES,2,YES,YES,6250,820,192,360,YES,YES,1
647,Male,NO,0,YES,YES,3268,1683,152,360,YES,YES,1
648,Male,YES,0,YES,YES,2783,2708,158,360,YES,YES,1
649,Male,YES,0,YES,YES,2740,1541,101,360,YES,YES,1
650,Male,NO,0,YES,NO,3150,0,176,360,NO,NO,0
651,Male,YES,2,YES,YES,7350,4029,185,180,YES,YES,1
652,Male,YES,0,YES,YES,2267,2792,90,360,YES,YES,1
653,Male,NO,0,YES,YES,5833,0,116,360,YES,YES,1
654,Male,NO,0,YES,YES,3643,1963,138,360,YES,YES,1
655,Male,YES,0,YES,YES,5629,818,100,360,YES,YES,1
656,Female,NO,0,YES,YES,3644,0,110,360,YES,YES,1
657,Male,YES,0,NO,YES,1750,2024,90,360,YES,YES,1
658,Male,NO,0,YES,YES,6500,2600,200,360,YES,YES,1
659,Female,NO,0,YES,YES,3666,0,84,360,YES,YES,1
660,Male,YES,0,YES,YES,4260,3900,185,180,YES,YES,1
661,Male,YES,0,NO,YES,4163,1475,162,360,YES,YES,1
662,Male,NO,0,NO,YES,2356,1902,108,360,YES,YES,1
663,Male,NO,0,YES,YES,6792,3338,187,180,YES,YES,1
664,Male,YES,3,NO,YES,8000,250,187,360,YES,YES,1
665,Male,YES,1,YES,YES,2419,1707,124,360,YES,YES,1
666,Male,YES,3,NO,YES,3500,833,120,360,YES,YES,1
667,Male,YES,1,YES,YES,3500,3077,160,360,YES,YES,1
668,Male,YES,2,YES,YES,4116,1000,30,180,YES,YES,1
669,Male,YES,0,NO,YES,5293,0,92,360,YES,YES,1
670,Male,NO,0,YES,NO,2750,0,130,360,NO,NO,0
671,Female,NO,0,NO,YES,4402,0,130,360,YES,YES,1
672,Male,YES,2,YES,YES,3613,3539,134,180,YES,YES,1
673,Female,YES,2,YES,NO,2779,3664,176,360,NO,NO,0
674,Male,YES,3,YES,YES,4720,0,90,180,YES,YES,1
675,Male,YES,0,NO,YES,2415,1721,110,360,YES,YES,1
676,Male,YES,0,YES,YES,7016,292,125,360,YES,YES,1
677,Female,NO,2,YES,NO,4968,0,189,360,YES,NO,0
678,Female,NO,0,YES,NO,2101,1500,108,360,NO,YES,0
679,Male,YES,3,NO,YES,4490,0,125,360,YES,YES,0
680,Male,YES,0,YES,YES,2917,3583,138,360,YES,YES,1
681,Male,YES,0,NO,NO,4700,0,135,360,NO,NO,0
682,Male,YES,0,YES,NO,3445,0,130,360,NO,NO,0
683,Male,YES,0,YES,YES,7666,0,187,360,YES,YES,1
684,Male,YES,0,YES,YES,2458,5105,188,360,NO,YES,1
685,Female,NO,0,YES,YES,3250,0,95,360,YES,YES,1
686,Male,NO,0,YES,YES,4463,0,65,360,YES,YES,1
687,Male,YES,1,YES,YES,4083,1775,139,60,YES,YES,1
688,Male,YES,0,YES,YES,3900,2094,232,360,YES,YES,1
689,Male,YES,0,NO,YES,4750,3583,144,360,YES,YES,1
690,Male,NO,0,YES,YES,3583,3435,155,360,YES,YES,1
691,Male,YES,0,YES,YES,3189,2367,186,360,YES,YES,1
692,Male,NO,0,YES,YES,6356,0,50,360,YES,YES,1
693,Male,YES,1,YES,YES,3413,4053,120,360,YES,YES,1
694,Female,YES,0,YES,YES,7950,0,185,360,YES,YES,1
695,Male,YES,3,YES,NO,3829,1103,163,360,NO,NO,0
696,Male,YES,3,YES,YES,72529,0,360,360,YES,YES,1
697,Male,YES,2,NO,NO,4136,0,149,480,NO,NO,0
698,Male,YES,0,YES,YES,8449,0,257,360,YES,YES,1
699,Male,YES,0,YES,NO,4456,0,131,180,NO,NO,0
700,Male,YES,2,YES,YES,4635,8000,102,180,YES,YES,1
701,Male,YES,0,YES,YES,3571,1917,135,360,YES,YES,1
702,Male,NO,0,YES,YES,3066,0,95,360,YES,YES,1
703,Male,NO,2,NO,NO,3235,0,77,360,YES,NO,0
704,Female,NO,0,YES,YES,5058,0,200,360,YES,YES,1
705,Male,YES,0,YES,YES,3188,2286,130,360,YES,YES,1
706,Male,YES,3,YES,YES,13518,0,390,360,YES,YES,1
707,Male,YES,1,YES,YES,4364,2500,185,360,YES,YES,1
708,Male,YES,2,NO,YES,4766,1646,100,360,YES,YES,1
709,Male,YES,1,YES,YES,4609,2333,123,360,NO,YES,1
710,Female,YES,3,YES,YES,6260,0,110,360,YES,YES,1
711,Male,YES,1,YES,YES,3333,4200,256,360,YES,YES,1
712,Male,YES,0,YES,YES,3500,3250,140,360,YES,YES,1
713,Male,YES,3,YES,YES,9719,0,61,360,YES,YES,1
714,Male,YES,3,YES,YES,6835,0,188,360,YES,YES,1
715,Male,NO,0,YES,YES,4452,0,131,360,YES,YES,1
716,Female,YES,0,YES,NO,2262,0,500,480,NO,NO,0
717,Male,YES,1,YES,YES,3901,0,116,360,YES,YES,1
718,Male,YES,2,NO,YES,2687,0,50,180,YES,YES,0
719,Male,NO,0,YES,YES,2243,2233,107,360,YES,YES,1
720,Female,YES,0,YES,YES,3417,1287,200,360,YES,YES,1
721,Male,NO,0,YES,NO,1596,1760,119,360,NO,YES,0
722,Male,YES,3,YES,YES,4513,0,120,360,YES,YES,1
723,Male,YES,0,YES,YES,4500,0,140,360,YES,YES,1
724,Male,YES,0,NO,YES,4523,1350,165,360,YES,YES,1
725,Female,NO,0,YES,YES,4742,0,108,360,YES,YES,1
726,Male,YES,0,YES,YES,4082,0,93,360,YES,YES,1
727,Female,NO,0,YES,YES,3417,0,102,360,YES,YES,1
728,Female,YES,2,YES,YES,2922,3396,122,360,YES,YES,1
729,Male,YES,0,YES,YES,4167,4754,160,360,YES,YES,1
730,Male,NO,3,NO,NO,4243,0,157,360,YES,NO,0
731,Female,NO,0,NO,NO,0,1760,180,360,YES,NO,0
732,Male,YES,1,YES,YES,1516,2900,80,360,NO,YES,1
733,Female,NO,0,YES,NO,1762,2666,104,360,NO,YES,0
734,Male,YES,2,YES,NO,724,3510,213,360,NO,NO,0
735,Male,NO,0,YES,YES,3125,0,65,360,YES,YES,1
736,Male,YES,0,YES,YES,2333,3803,146,360,YES,YES,1
737,Male,YES,3,YES,YES,3350,1560,135,360,YES,YES,1
738,Male,NO,0,YES,NO,2500,6414,187,360,NO,YES,0
739,Female,NO,0,YES,NO,12500,0,300,360,NO,NO,0
740,Male,NO,0,YES,YES,4667,0,120,360,YES,YES,1
741,Male,NO,0,YES,NO,6500,0,71,360,NO,NO,0
742,Male,YES,2,YES,YES,7500,0,225,360,YES,YES,1
743,Male,NO,0,YES,YES,3073,0,70,180,YES,YES,1
744,Male,YES,1,NO,YES,3321,2088,70,180,YES,YES,1
745,Male,YES,0,YES,YES,3333,1270,124,360,YES,YES,1
746,Male,NO,0,YES,YES,3391,0,132,360,YES,YES,1
747,Male,YES,1,YES,YES,3343,1517,105,360,YES,YES,1
748,Female,NO,1,YES,YES,3620,0,90,360,YES,YES,1
749,Male,NO,0,YES,YES,4000,0,83,84,YES,YES,1
750,Male,YES,0,YES,YES,4258,0,125,360,YES,YES,1
751,Male,YES,2,YES,YES,4500,0,147,360,YES,YES,1
752,Male,YES,1,YES,YES,2014,2925,120,360,YES,YES,1
753,Male,NO,0,YES,YES,3333,1250,110,360,YES,YES,1
754,Female,NO,3,YES,NO,4083,0,103,360,YES,NO,0
755,Male,NO,0,YES,NO,4727,0,150,360,NO,NO,0
756,Male,YES,3,YES,YES,3089,2999,100,240,YES,YES,1
757,Male,YES,3,NO,NO,6794,528,139,360,NO,NO,0
758,Male,YES,0,YES,YES,32000,0,550,360,YES,YES,1
759,Male,YES,2,YES,YES,10890,0,260,12,YES,YES,1
760,Female,NO,0,YES,YES,12941,0,150,300,YES,YES,1
761,Male,NO,0,NO,YES,3276,0,90,360,YES,YES,1
762,Male,NO,0,NO,NO,8703,0,199,360,NO,NO,0
763,Male,YES,1,YES,YES,4742,717,139,360,YES,YES,1
764,Male,NO,0,YES,YES,5900,0,150,360,YES,YES,1
765,Male,NO,0,YES,YES,3071,4309,180,360,YES,YES,1
766,Male,YES,0,YES,YES,2783,1456,113,360,YES,YES,1
767,Male,NO,0,YES,YES,5000,0,148,360,YES,YES,1
768,Male,YES,1,NO,NO,2463,2360,117,360,NO,NO,0
769,Male,YES,2,YES,YES,4855,0,72,360,YES,YES,1
770,Male,NO,0,NO,YES,1599,2474,125,300,YES,YES,1
771,Male,YES,2,YES,YES,4246,4246,214,360,YES,YES,1
772,Male,YES,0,YES,YES,4333,2291,133,350,YES,YES,1
773,Male,NO,1,YES,YES,5823,2529,187,360,YES,YES,1
774,Male,YES,0,NO,YES,7895,0,143,360,YES,YES,1
775,Male,NO,0,YES,YES,4150,4256,209,360,YES,YES,1
776,Male,NO,0,YES,NO,2964,0,84,360,NO,NO,0
777,Male,NO,0,YES,YES,5583,0,116,360,YES,YES,1
778,Female,NO,0,YES,YES,2708,0,65,360,YES,YES,1
779,Male,NO,1,YES,YES,3180,2370,80,240,YES,YES,1
780,Male,NO,0,NO,NO,2268,0,170,360,NO,NO,0
781,Male,NO,2,NO,NO,1141,0,120,360,NO,NO,0
782,Male,YES,0,YES,YES,3042,3167,135,360,YES,YES,1
783,Female,YES,3,YES,NO,1750,2935,94,360,NO,NO,0
784,Female,YES,1,YES,YES,3564,0,79,360,YES,YES,1
785,Female,NO,0,YES,YES,3958,0,110,360,YES,YES,1
786,Male,YES,2,NO,YES,4483,0,130,360,YES,YES,0
787,Male,YES,0,YES,YES,5225,0,143,360,YES,YES,1
788,Male,NO,0,YES,NO,3017,2845,159,180,NO,YES,0
789,Male,YES,0,NO,NO,2431,1820,110,360,NO,NO,0
790,Male,YES,2,YES,YES,4912,4614,160,360,YES,YES,1
791,Male,YES,2,NO,YES,2500,3333,131,360,YES,YES,1
792,Female,NO,0,YES,YES,2918,0,65,360,YES,YES,1
793,Male,YES,2,YES,YES,5128,0,143,360,YES,YES,1
794,Male,YES,3,YES,YES,15312,0,187,360,YES,YES,1
795,Male,YES,2,YES,YES,3958,2632,160,360,YES,YES,1
796,Male,YES,0,YES,YES,4334,2945,165,360,YES,YES,1
797,Male,YES,2,YES,YES,4358,0,110,360,YES,YES,1
798,Female,YES,1,YES,YES,4000,3917,173,360,YES,YES,1
799,Male,YES,3,YES,YES,10166,750,150,180,YES,YES,1
800,Male,YES,0,NO,YES,4483,0,135,360,YES,YES,1
801,Male,YES,2,NO,YES,4521,1184,150,360,YES,YES,1
802,Male,YES,2,YES,YES,9167,0,235,360,YES,YES,1
803,Male,YES,0,NO,YES,13083,0,120,360,YES,YES,1
804,Male,YES,2,YES,YES,7874,3967,336,360,YES,YES,1
805,Female,YES,1,YES,YES,4333,0,132,84,YES,YES,1
806,Male,NO,0,YES,YES,4083,0,96,360,YES,YES,1
807,Male,YES,2,NO,NO,3785,2912,180,360,NO,NO,0
808,Male,YES,3,NO,NO,2654,1998,128,360,NO,NO,0
809,Male,YES,1,YES,YES,10000,2690,412,360,YES,YES,1
810,Male,NO,0,YES,YES,5833,0,116,360,YES,YES,1
811,Male,YES,1,YES,YES,4796,0,114,360,NO,YES,1
812,Male,YES,0,NO,YES,2000,1600,115,360,YES,YES,1
813,Male,YES,2,YES,NO,2540,700,104,360,NO,NO,0
814,Male,YES,0,YES,YES,1900,1442,88,360,YES,YES,1
815,Male,YES,0,YES,YES,8706,0,108,480,YES,YES,1
816,Male,YES,3,NO,YES,2855,542,90,360,YES,YES,1
817,Male,YES,0,YES,YES,3016,1300,100,360,YES,YES,1
818,Female,YES,0,YES,YES,3159,2374,108,360,YES,YES,1
819,Female,NO,0,YES,YES,1937,1152,78,360,YES,YES,1
820,Male,YES,0,YES,YES,2613,2417,123,360,YES,YES,1
821,Male,YES,1,YES,YES,4960,2600,187,360,YES,YES,1
822,Male,YES,1,YES,YES,3074,1083,146,360,YES,YES,1
823,Female,NO,0,YES,YES,4213,0,80,360,YES,YES,1
824,Male,NO,1,NO,NO,2038,0,100,360,YES,NO,0
825,Female,NO,0,YES,YES,2362,0,55,360,YES,YES,1
826,Male,NO,0,YES,NO,5333,2400,200,360,NO,YES,0
827,Male,YES,3,YES,YES,5384,0,150,360,YES,YES,1
828,Male,NO,0,YES,YES,5708,0,150,360,YES,YES,1
829,Male,YES,0,NO,YES,3754,3719,118,180,YES,YES,1
830,Male,YES,0,NO,YES,2914,2130,150,300,YES,YES,1
831,Male,YES,0,NO,YES,2747,2458,118,36,YES,YES,1
832,Male,YES,0,YES,YES,7830,2183,212,360,YES,YES,1
833,Male,YES,1,YES,YES,3507,3148,212,360,YES,YES,1
834,Male,YES,1,YES,YES,3747,2139,125,360,YES,YES,1
835,Male,YES,0,YES,YES,2166,2166,108,360,YES,YES,1
836,Male,YES,0,NO,YES,3500,2168,149,360,YES,YES,1
837,Male,YES,2,NO,YES,2896,0,80,480,YES,YES,0
838,Female,NO,1,YES,YES,5062,0,152,300,YES,YES,1
839,Female,NO,2,YES,NO,5184,0,187,360,NO,NO,0
840,Female,NO,0,YES,YES,2545,0,74,360,YES,YES,1
841,Male,YES,0,YES,YES,2553,1768,102,360,YES,YES,1
842,Male,YES,1,YES,YES,3436,3809,100,360,YES,YES,1
843,Male,NO,0,YES,YES,2412,2755,130,360,YES,YES,1
844,Male,YES,3,NO,NO,5180,0,125,360,NO,NO,0
845,Male,NO,0,YES,YES,14911,14507,130,360,YES,YES,1
846,Male,NO,0,YES,YES,2860,2988,138,360,YES,YES,1
847,Male,YES,0,YES,YES,1173,1594,28,180,YES,YES,1
848,Female,NO,1,YES,YES,7600,0,92,360,YES,YES,1
849,Female,YES,0,YES,YES,2157,1788,104,360,YES,YES,1
850,Male,NO,0,YES,NO,2231,2774,176,360,NO,YES,0
851,Female,NO,0,YES,NO,2274,5211,117,360,NO,YES,0
852,Male,YES,2,NO,YES,6166,13983,102,360,YES,YES,1
853,Male,YES,2,NO,YES,2513,1110,107,360,YES,YES,1
854,Male,NO,0,YES,NO,4333,0,66,480,YES,NO,0
855,Male,NO,0,NO,YES,3844,0,105,360,YES,YES,1
856,Male,YES,0,YES,YES,3887,1517,105,360,NO,YES,1
857,Male,YES,0,YES,YES,3510,828,105,360,YES,YES,1
858,Male,YES,0,YES,YES,2539,1704,125,360,NO,YES,1
859,Female,NO,0,NO,YES,2107,0,64,360,YES,YES,1
860,Male,YES,0,YES,YES,3186,3145,150,180,NO,YES,1
861,Male,YES,2,YES,YES,5000,2166,150,360,YES,YES,1
862,Male,YES,0,YES,YES,10000,0,120,360,YES,YES,1
863,Male,YES,0,NO,YES,3943,0,64,360,YES,YES,1
864,Male,NO,0,YES,YES,2925,0,40,180,YES,YES,1
865,Male,YES,3,YES,NO,3242,437,142,480,NO,NO,0
866,Male,YES,0,YES,YES,3863,0,70,300,YES,YES,1
867,Female,NO,1,YES,YES,4028,0,131,360,YES,YES,1
868,Male,YES,2,YES,YES,4010,1025,120,360,YES,YES,1
869,Female,YES,1,YES,YES,3719,1585,114,360,YES,YES,1
870,Male,NO,0,YES,NO,2858,0,123,360,NO,NO,0
871,Female,YES,0,YES,YES,3833,0,92,360,YES,YES,1
872,Male,YES,0,YES,YES,3333,4288,160,360,YES,YES,1
873,Male,YES,0,YES,YES,3007,3725,151,360,YES,YES,1
874,Female,NO,1,YES,YES,1850,4583,81,360,YES,YES,1
875,Male,YES,3,NO,YES,2792,2619,171,360,YES,YES,1
876,Male,YES,0,YES,YES,2982,1550,110,360,YES,YES,1
877,Male,NO,0,YES,YES,3417,738,100,360,YES,YES,1
878,Male,YES,1,YES,YES,18840,0,234,360,YES,YES,1
879,Male,YES,2,YES,YES,2995,1120,184,360,YES,YES,1
880,Male,NO,0,YES,YES,3579,3308,138,360,YES,YES,1
881,Female,YES,1,NO,NO,3835,1400,112,480,NO,NO,0
882,Female,NO,1,NO,NO,3854,0,117,360,YES,NO,0
883,Male,YES,2,YES,NO,5833,750,49,360,NO,NO,0
884,Male,NO,0,YES,YES,3508,0,99,360,YES,YES,1
885,Female,YES,3,NO,YES,1635,2444,99,360,YES,YES,1
886,Female,NO,0,YES,YES,3333,3916,212,360,YES,YES,1
887,Male,NO,1,YES,YES,24797,0,240,360,YES,YES,1
888,Male,YES,2,YES,NO,5667,440,130,360,NO,NO,0
889,Female,NO,0,YES,NO,3500,0,94,360,NO,NO,0
890,Male,YES,3,YES,YES,2773,1497,108,360,YES,YES,1
891,Male,YES,0,YES,YES,6500,0,144,360,YES,YES,1
892,Female,NO,0,YES,YES,5769,0,110,180,YES,YES,1
893,Male,YES,3,NO,NO,3634,910,176,360,NO,NO,0
894,Male,NO,0,YES,YES,29167,0,185,360,YES,YES,1
895,Male,NO,0,YES,YES,2166,2057,122,360,YES,YES,1
896,Male,YES,0,YES,YES,5000,0,126,360,YES,YES,1
897,Female,NO,0,YES,YES,5530,0,135,360,YES,YES,1
898,Male,NO,0,NO,YES,9000,0,122,360,YES,YES,1
899,Female,YES,2,YES,YES,10000,11666,460,360,YES,YES,1
900,Male,YES,1,YES,YES,8750,0,297,360,YES,YES,1
901,Male,YES,0,NO,YES,2157,2730,140,360,YES,YES,1
902,Male,NO,0,YES,YES,1972,4347,106,360,YES,YES,1
903,Male,NO,0,YES,YES,4983,0,141,360,YES,YES,1
904,Male,YES,1,YES,YES,8333,4000,120,360,YES,YES,1
905,Male,YES,0,YES,YES,3667,2000,170,360,YES,YES,1
906,Male,YES,2,YES,YES,3166,2833,145,360,YES,YES,1
907,Male,NO,0,NO,YES,3271,0,90,360,YES,YES,1
908,Female,YES,0,YES,YES,2241,2000,88,360,NO,YES,1
909,Male,YES,1,NO,YES,1792,2565,128,360,YES,YES,1
910,Female,YES,0,YES,YES,2666,0,84,480,YES,YES,1
911,Male,NO,0,YES,YES,6478,0,108,360,YES,YES,1
912,Male,NO,0,NO,NO,3808,0,83,360,YES,NO,0
913,Female,YES,2,NO,YES,3729,0,117,360,YES,YES,0
914,Male,YES,2,YES,YES,4120,0,128,360,YES,YES,1
915,Male,YES,1,YES,YES,7500,0,75,360,YES,YES,1
916,Male,YES,1,YES,YES,6300,0,125,360,NO,YES,1
917,Female,NO,0,YES,YES,14987,0,177,360,YES,YES,1
918,Male,YES,1,NO,YES,570,2125,68,360,YES,YES,1
919,Male,YES,0,YES,YES,2600,700,96,360,YES,YES,1
920,Male,NO,2,NO,NO,2733,0,180,360,NO,NO,0
921,Male,YES,2,YES,YES,7500,0,183,360,YES,YES,1
922,Male,YES,2,NO,YES,3859,0,121,360,YES,YES,0
923,Male,YES,1,YES,YES,6825,0,162,360,YES,YES,1
924,Male,YES,0,YES,YES,3708,4700,132,360,YES,YES,1
925,Male,NO,0,YES,YES,5314,0,147,360,YES,YES,1
926,Female,NO,3,YES,NO,2366,0,153,360,NO,NO,0
927,Male,NO,0,YES,YES,2066,2108,104,84,YES,YES,1
928,Male,YES,2,YES,YES,5000,0,149,360,YES,YES,1
929,Female,NO,0,YES,YES,3767,0,134,300,YES,YES,1
930,Female,YES,0,YES,YES,7859,879,165,180,YES,YES,1
931,Female,YES,0,YES,YES,4283,0,120,360,YES,YES,1
932,Male,YES,0,NO,NO,1700,2900,67,360,NO,NO,0
933,Male,NO,0,NO,YES,4768,0,125,360,YES,YES,1
934,Male,NO,0,YES,YES,3083,2738,120,360,YES,YES,1
935,Male,YES,1,YES,YES,2667,1542,148,360,YES,YES,1
936,Female,YES,0,NO,NO,1647,1762,181,360,YES,NO,0
937,Male,YES,3,YES,YES,3400,0,80,120,YES,YES,1
938,Male,NO,1,YES,YES,16000,5000,40,360,YES,YES,1
939,Male,YES,0,YES,YES,5333,0,90,360,YES,YES,1
940,Male,NO,0,YES,NO,2875,2416,95,6,NO,YES,0
941,Male,YES,1,NO,YES,2600,618,122,360,YES,YES,1
942,Male,YES,2,YES,YES,5041,700,150,360,YES,YES,1
943,Male,YES,3,YES,YES,6958,1411,150,360,YES,YES,1
944,Male,YES,1,YES,YES,3500,1658,104,360,YES,YES,1
945,Male,YES,0,YES,YES,5509,0,143,360,YES,YES,1
946,Male,YES,3,YES,YES,9699,0,300,360,YES,YES,1
947,Female,YES,1,NO,YES,3621,2717,171,360,YES,YES,1
948,Female,YES,0,YES,YES,4709,0,113,360,YES,YES,1
949,Male,YES,0,YES,YES,1516,1951,35,360,YES,YES,1
950,Male,NO,2,YES,NO,2400,0,46,360,YES,NO,0
951,Female,NO,0,NO,YES,3015,2000,145,360,YES,YES,1
952,Male,YES,0,YES,YES,2292,1558,119,360,YES,YES,1
953,Male,YES,1,YES,YES,2360,3355,87,240,YES,YES,1
954,Female,NO,0,YES,NO,4333,2333,162,360,NO,YES,0
955,Male,YES,0,YES,YES,2623,4831,122,180,YES,YES,1
956,Male,NO,0,YES,YES,3972,4275,187,360,YES,YES,1
957,Male,YES,3,NO,NO,3522,0,81,180,YES,NO,0
958,Male,YES,1,YES,YES,4700,0,80,360,YES,YES,1
959,Male,NO,0,YES,YES,6858,0,176,360,YES,YES,1
960,Male,YES,3,YES,YES,8334,0,260,360,YES,YES,1
961,Male,YES,0,YES,YES,3391,1966,133,360,NO,YES,1
962,Male,NO,0,NO,YES,2868,0,70,360,YES,YES,1
963,Male,YES,2,NO,YES,3418,1380,135,360,YES,YES,1
964,Male,YES,0,YES,YES,2500,296,137,300,YES,YES,1
965,Male,YES,2,YES,YES,8667,0,254,360,YES,YES,1
966,Male,NO,0,YES,YES,2283,15000,106,360,YES,YES,1
967,Male,YES,0,YES,YES,5817,910,109,360,YES,YES,1
968,Male,YES,0,YES,YES,5119,3769,120,360,YES,YES,1
969,Male,YES,3,NO,NO,5316,187,158,180,NO,NO,0
970,Male,YES,3,YES,YES,7603,1213,197,360,YES,YES,1
971,Male,YES,1,YES,YES,3791,1936,85,360,YES,YES,1
972,Male,NO,0,YES,YES,2500,0,60,360,YES,YES,1
973,Male,YES,2,NO,YES,3132,0,76,360,YES,YES,0
974,Male,NO,0,YES,YES,4000,2667,152,360,YES,YES,1
975,Female,YES,0,YES,YES,8550,4255,96,360,YES,YES,1
976,Male,YES,1,YES,YES,2269,2167,99,360,YES,YES,1
977,Male,YES,3,NO,YES,4009,1777,113,360,YES,YES,1
978,Male,YES,0,YES,YES,4158,709,115,360,YES,YES,1
979,Male,NO,0,YES,YES,3250,1993,126,360,YES,YES,1
980,Male,YES,0,YES,YES,5000,2393,158,360,YES,YES,1
981,Male,NO,0,YES,YES,9200,0,98,180,YES,YES,1
982,Male,NO,4,NO,NO,6045,0,115,360,NO,NO,0
983,Male,NO,4,NO,NO,4053,0,158,360,NO,NO,0
984,Female,NO,4,NO,NO,1830,0,100,360,NO,NO,0
985,Female,NO,4,NO,NO,2720,0,80,360,NO,NO,0
986,Male,NO,4,NO,NO,2769,0,190,360,NO,NO,0
987,Male,NO,4,NO,NO,2987,0,88,360,NO,NO,0
988,Female,NO,4,NO,NO,416,0,350,180,NO,NO,0
989,Male,NO,4,NO,NO,8703,0,199,360,NO,NO,0
990,Male,NO,4,NO,NO,2268,0,170,360,NO,NO,0
991,Male,NO,4,NO,NO,1141,0,120,360,NO,NO,0
992,Male,NO,4,NO,NO,2733,0,180,360,NO,NO,0
993,Male,NO,4,NO,NO,6045,0,115,360,NO,NO,0
994,Male,NO,4,NO,NO,4053,0,158,360,NO,NO,0
995,Female,NO,4,NO,NO,1830,0,100,360,NO,NO,0
996,Female,NO,4,NO,NO,2720,0,80,360,NO,NO,0
997,Male,NO,4,NO,NO,2769,0,190,360,NO,NO,0
998,Male,NO,4,NO,NO,2987,0,88,360,NO,NO,0
999,Female,NO,5,NO,NO,416,0,350,180,NO,NO,0
1000,Male,NO,5,NO,NO,8703,0,199,360,NO,NO,0
1001,Male,NO,5,NO,NO,2268,0,170,360,NO,NO,0
1002,Male,NO,5,NO,NO,1141,0,120,360,NO,NO,0
1003,Male,NO,5,NO,NO,2733,0,180,360,NO,NO,0
1004,Male,NO,5,NO,NO,6045,0,115,360,NO,NO,0
1005,Male,NO,5,NO,NO,4053,0,158,360,NO,NO,0
1006,Female,NO,5,NO,NO,1830,0,100,360,NO,NO,0
1007,Female,NO,5,NO,NO,2720,0,80,360,NO,NO,0
1008,Male,NO,5,NO,NO,2769,0,190,360,NO,NO,0
1009,Male,NO,5,NO,NO,2987,0,88,360,NO,NO,0
1010,Female,NO,5,NO,NO,416,0,350,180,NO,NO,0
1011,Male,NO,5,NO,NO,8703,0,199,360,NO,NO,0
1012,Male,NO,5,NO,NO,2268,0,170,360,NO,NO,0
1013,Male,NO,5,NO,NO,1141,0,120,360,NO,NO,0
1014,Male,NO,5,NO,NO,2733,0,180,360,NO,NO,0
1015,Male,NO,2,NO,NO,6045,0,115,360,NO,NO,0
1016,Male,NO,1,NO,NO,4053,0,158,360,NO,NO,0
1017,Female,NO,3,NO,NO,1830,0,100,360,NO,NO,0
1018,Female,NO,7,NO,NO,2720,0,80,360,NO,NO,0
1019,Male,NO,1,NO,NO,2769,0,190,360,NO,NO,0
1020,Male,NO,3,NO,NO,2987,0,88,360,NO,NO,0
1021,Female,NO,3,NO,NO,416,0,350,180,NO,NO,0
1022,Male,NO,6,NO,NO,8703,0,199,360,NO,NO,0
1023,Male,NO,5,NO,NO,2268,0,170,360,NO,NO,0
1024,Male,NO,2,NO,NO,1141,0,120,360,NO,NO,0
1025,Male,NO,2,NO,NO,2733,0,180,360,NO,NO,0
1026,Male,NO,4,NO,NO,6045,0,115,360,NO,NO,0
1027,Male,NO,3,NO,NO,6045,0,115,360,NO,NO,0
1028,Male,NO,1,NO,NO,4053,0,158,360,NO,NO,0
1029,Female,NO,3,NO,NO,1830,0,100,360,NO,NO,0
1030,Female,NO,2,NO,NO,2720,0,80,360,NO,NO,0
1031,Male,NO,1,NO,NO,2769,0,190,360,NO,NO,0
1032,Male,NO,3,NO,NO,2987,0,88,360,NO,NO,0
1033,Female,NO,3,NO,NO,416,0,350,180,NO,NO,0
1034,Male,NO,2,NO,NO,8703,0,199,360,NO,NO,0
1035,Male,NO,7,NO,NO,2268,0,170,360,NO,NO,0
1036,Male,NO,2,NO,NO,1141,0,120,360,NO,NO,0
1037,Male,NO,2,NO,NO,2733,0,180,360,NO,NO,0
1038,Male,NO,4,NO,NO,6045,0,115,360,NO,NO,0
1039,Female,NO,4,NO,NO,416,0,350,180,NO,NO,0
1040,Male,NO,4,NO,NO,8703,0,199,360,NO,NO,0
1041,Male,NO,4,NO,NO,2268,0,170,360,NO,NO,0
1042,Male,NO,4,NO,NO,1141,0,120,360,NO,NO,0
1043,Male,NO,4,NO,NO,2733,0,180,360,NO,NO,0
1044,Male,NO,4,NO,NO,6045,0,115,360,NO,NO,0
1045,Male,NO,4,NO,NO,4053,0,158,360,NO,NO,0
1046,Female,NO,4,NO,NO,1830,0,100,360,NO,NO,0
1047,Female,NO,4,NO,NO,2720,0,80,360,NO,NO,0
1048,Male,NO,4,NO,NO,2769,0,190,360,NO,NO,0
1049,Male,NO,4,NO,NO,2987,0,88,360,NO,NO,0
1050,Female,NO,3,NO,NO,416,0,350,180,NO,NO,0
1051,Male,NO,3,NO,NO,8703,0,199,360,NO,NO,0
1052,Male,NO,3,NO,NO,2268,0,170,360,NO,NO,0
1053,Male,NO,5,NO,NO,1141,0,120,360,NO,NO,0
1054,Male,NO,3,NO,NO,2733,0,180,360,NO,NO,0
1055,Male,NO,3,NO,NO,6045,0,115,360,NO,NO,0
1056,Male,NO,3,NO,NO,4053,0,158,360,NO,NO,0
1057,Female,NO,3,NO,NO,1830,0,100,360,NO,NO,0
1058,Female,NO,6,NO,NO,2720,0,80,360,NO,NO,0
1059,Male,NO,7,NO,NO,2769,0,190,360,NO,NO,0
1060,Male,NO,5,NO,NO,2987,0,88,360,NO,NO,0
1061,Female,NO,5,NO,NO,416,0,350,180,NO,NO,0
1062,Male,NO,5,NO,NO,8703,0,199,360,NO,NO,0
1063,Male,NO,5,NO,NO,2268,0,170,360,NO,NO,0
1064,Male,NO,5,NO,NO,1141,0,120,360,NO,NO,0
1065,Male,NO,5,NO,NO,2733,0,180,360,NO,NO,0
1066,Male,NO,2,NO,NO,6045,0,115,360,NO,NO,0
1067,Male,NO,1,NO,NO,4053,0,158,360,NO,NO,0
1068,Female,NO,3,NO,NO,1830,0,100,360,NO,NO,0
1069,Female,NO,7,NO,NO,2720,0,80,360,NO,NO,0
1070,Male,NO,1,NO,NO,2769,0,190,360,NO,NO,0
1071,Male,NO,3,NO,NO,2987,0,88,360,NO,NO,0
1072,Female,NO,3,NO,NO,416,0,350,180,NO,NO,0
1073,Male,NO,6,NO,NO,8703,0,199,360,NO,NO,0
1074,Male,NO,5,NO,NO,2268,0,170,360,NO,NO,0
1075,Male,NO,2,NO,NO,1141,0,120,360,NO,NO,0
1076,Male,NO,2,NO,NO,2733,0,180,360,NO,NO,0
1077,Male,NO,4,NO,NO,6045,0,115,360,NO,NO,0
1078,Male,NO,3,NO,NO,6045,0,115,360,NO,NO,0
1079,Male,NO,1,NO,NO,4053,0,158,360,NO,NO,0
1080,Female,NO,3,NO,NO,1830,0,100,360,NO,NO,0
1081,Female,NO,2,NO,NO,2720,0,80,360,NO,NO,0
1082,Male,NO,1,NO,NO,2769,0,190,360,NO,NO,0
1083,Male,NO,3,NO,NO,2987,0,88,360,NO,NO,0
1084,Female,NO,3,NO,NO,416,0,350,180,NO,NO,0
1085,Male,NO,2,NO,NO,8703,0,199,360,NO,NO,0
1086,Male,NO,7,NO,NO,2268,0,170,360,NO,NO,0
1087,Male,NO,2,NO,NO,1141,0,120,360,NO,NO,0
1088,Male,NO,2,NO,NO,2733,0,180,360,NO,NO,0
1089,Male,NO,4,NO,NO,6045,0,115,360,NO,NO,0
1090,Female,NO,5,NO,NO,0,0,115,360,NO,NO,0
1091,Female,NO,3,NO,NO,0,0,115,360,NO,NO,0
1092,Female,NO,5,NO,NO,0,0,120,360,NO,NO,0
1093,Female,NO,7,NO,NO,0,0,115,360,NO,NO,0
1094,Female,YES,5,NO,NO,,0,115,360,NO,NO,
1095,Female,NO,6,NO,NO,0,0,120,360,NO,NO,0
1096,Female,NO,5,NO,NO,0,0,115,360,NO,NO,0
1097,Male,NO,4,NO,NO,0,0,115,360,NO,NO,0
1098,Female,NO,5,NO,NO,0,0,350,360,NO,NO,0
1099,Female,NO,7,NO,NO,0,0,115,360,NO,NO,0
1100,Female,NO,5,NO,NO,0,0,115,360,NO,NO,0
1101,Female,NO,3,NO,NO,0,0,120,360,NO,NO,0
1101,Female,NO,3,NO,NO,0,0,120,360,NO,NO,
